{
  "name": "Proposed codec [full, P=64]",
  "description": "",
  "meta": {
    "model.name": "um-pcc-cls-only-pointnet-mmsp2023",
    "dataset.train.meta.name": "ModelNet40",
    "hp.num_classes": 40,
    "hp.num_points": 64,
    "hp.num_channels.g_a.pointwise": [
      3,
      64,
      64,
      64,
      128,
      1024
    ],
    "hp.num_channels.g_a.mixer": [],
    "hp.num_channels.task_backend": [
      1024,
      512,
      256,
      40
    ],
    "hp.groups.g_a.pointwise": [
      1,
      1,
      1,
      1,
      1
    ]
  },
  "results": {
    "bit_loss": [
      6.321380455258215,
      8.886527519751601,
      11.578726638657924,
      16.653640881543026,
      28.499609188283856,
      46.370453579499234,
      72.53999092435916,
      147.14299045853326,
      336.6281475147513,
      806.9802073968675
    ],
    "acc_top1": [
      36.02106969205836,
      49.0680713128039,
      54.05186385737437,
      60.89951377633709,
      72.97406807131279,
      78.44408427876823,
      80.02431118314422,
      83.06320907617508,
      84.64343598055108,
      86.06158833063208
    ],
    "run_hash": [
      "3a1b5e9467a24db4a24407de",
      "4bf8eb1decd34479857deead",
      "06b37cefe2344a5c943ae64e",
      "e5854735805b4121a6767ab8",
      "b22c576f00a84609a86259c6",
      "0608444940d74e5f905ce441",
      "8f37a0a724a24a8f8dedd3ae",
      "e45d6596d75a4466abb867e1",
      "5ab4ccadd5a8411eb95b91fd",
      "f22bbe25f89c4ab594d5f870"
    ],
    "criterion.lmbda.cls": [
      10,
      14,
      28,
      40,
      80,
      160,
      320,
      1000,
      4000,
      16000
    ],
    "epoch": [
      66,
      131,
      75,
      66,
      90,
      80,
      93,
      75,
      75,
      66
    ],
    "loss": [
      27.447219848632812,
      31.865558074011407,
      53.98951942530408,
      66.58068983674629,
      99.08985042726586,
      159.76896284155944,
      274.79452757008454,
      694.8524957344638,
      2369.10514111882,
      8789.05020116871
    ]
  }
}