{
  "name": "Proposed codec [lite, P=32]",
  "description": "",
  "meta": {
    "model.name": "um-pcc-cls-only-pointnet-mmsp2023",
    "dataset.train.meta.name": "ModelNet40",
    "hp.num_classes": 40,
    "hp.num_points": 32,
    "hp.num_channels.g_a.pointwise": [
      3,
      8,
      8,
      16,
      16,
      32
    ],
    "hp.num_channels.g_a.mixer": [],
    "hp.num_channels.task_backend": [
      32,
      512,
      256,
      40
    ],
    "hp.groups.g_a.pointwise": [
      1,
      1,
      1,
      2,
      4
    ]
  },
  "results": {
    "bit_loss": [
      7.069722853371543,
      9.372773672811794,
      11.346120806528644,
      14.731910289782956,
      18.24952522166545,
      31.916893976047703,
      43.9906605762253,
      59.86987966849699,
      93.30430620338772,
      154.68135130154252
    ],
    "acc_top1": [
      37.15559157212318,
      43.67909238249595,
      48.014586709886565,
      52.431118314424616,
      56.158833063209066,
      66.36952998379255,
      69.48946515397083,
      71.63695299837926,
      75.04051863857374,
      76.29659643435977
    ],
    "run_hash": [
      "78c0cb73c3e548b58f6114f5",
      "31c36e30ac5f433f9841ec24",
      "4541c698e6184d2e8fdca52b",
      "ee8743b7a68a430e8a3c2a39",
      "7eef2b136bfa44b68ca1a792",
      "b41fa0d9a0a54ce58d03e339",
      "dd0a9357abeb42beb6aa6fb5",
      "12f1689ae66d47358cca86bc",
      "27cb528e7b084b33a021dfff",
      "bcf54d9953db45f3a24c7d92"
    ],
    "criterion.lmbda.cls": [
      10,
      14,
      20,
      28,
      40,
      80,
      160,
      320,
      1000,
      256000
    ],
    "epoch": [
      54,
      68,
      88,
      74,
      52,
      126,
      92,
      83,
      90,
      100
    ],
    "loss": [
      27.874918061291957,
      35.04118018250798,
      44.811615756883405,
      57.52126623861601,
      75.21344607459861,
      116.84513437033085,
      200.5763250069641,
      346.9910271395741,
      895.4636386766231,
      192448.28232785902
    ]
  }
}