{
  "name": "Proposed codec [lite, P=16]",
  "description": "",
  "meta": {
    "model.name": "um-pcc-cls-only-pointnet",
    "dataset.train.meta.name": "ModelNet40",
    "hp.num_classes": 40,
    "hp.num_points": 16,
    "hp.num_channels.g_a.pointwise": [
      3,
      8,
      8,
      16,
      16,
      32
    ],
    "hp.num_channels.g_a.mixer": [],
    "hp.num_channels.task_backend": [
      32,
      512,
      256,
      40
    ],
    "hp.groups.g_a.pointwise": [
      1,
      1,
      1,
      2,
      4
    ]
  },
  "results": {
    "bit_loss": [
      6.493355738672291,
      8.35201520162425,
      11.373318540798788,
      14.610470546122695,
      27.41025584327537,
      38.91703194814524,
      90.18917972805819,
      133.31695000201805
    ],
    "acc_top1": [
      31.199351701782817,
      35.53484602917344,
      40.680713128038896,
      44.04376012965965,
      53.52512155591573,
      58.346839546191255,
      64.26256077795787,
      66.24797406807133
    ],
    "run_hash": [
      "9287ee1174f543e7af766d40",
      "eab58fe4403c45db90c8a3fc",
      "272e697bcaaa435c9b34039b",
      "3bf522357df4478e82150b0c",
      "e5f8774b089b42dcb7b33635",
      "404a9964e0974c1bb2885988",
      "6b327dc816a245e9bd945d32",
      "984e1a7e91cc4ce08f79645a"
    ],
    "criterion.lmbda.cls": [
      10,
      14,
      28,
      40,
      80,
      160,
      1000,
      4000
    ],
    "epoch": [
      104,
      94,
      60,
      60,
      95,
      78,
      95,
      102
    ],
    "loss": [
      29.763675844263602,
      38.08499165292304,
      66.20835517870937,
      87.83974942743681,
      147.01083087148314,
      259.52852478521964,
      1237.2386622003837,
      4585.051826662531
    ]
  }
}