{
  "name": "Proposed codec [lite, P=64]",
  "description": "",
  "meta": {
    "model.name": "um-pcc-cls-only-pointnet-mmsp2023",
    "dataset.train.meta.name": "ModelNet40",
    "hp.num_classes": 40,
    "hp.num_points": 64,
    "hp.num_channels.g_a.pointwise": [
      3,
      8,
      8,
      16,
      16,
      32
    ],
    "hp.num_channels.g_a.mixer": [],
    "hp.num_channels.task_backend": [
      32,
      512,
      256,
      40
    ],
    "hp.groups.g_a.pointwise": [
      1,
      1,
      1,
      2,
      4
    ]
  },
  "results": {
    "bit_loss": [
      13.22524795810446,
      16.41148526394194,
      21.311468708650427,
      30.444415458790484,
      45.93913453904313,
      65.23195714966022,
      94.47684357579756,
      152.09883580138273
    ],
    "acc_top1": [
      56.401944894651535,
      60.0486223662885,
      65.47811993517017,
      72.56888168557536,
      75.81037277147487,
      78.28200972447328,
      80.47001620745543,
      81.28038897893033
    ],
    "run_hash": [
      "4d9deb277c3d414abfb471d1",
      "99fa5a8c3c06445f9154d229",
      "78ee3e3820d3450f91465236",
      "b474401ccbb24c81a85edb40",
      "c7cfec10f7a04b2d950591f8",
      "ee7ae6ccd9974d7a977f488c",
      "6cb3d31256b04454841662e1",
      "3c02614c8fa94f69ae2ed577"
    ],
    "criterion.lmbda.cls": [
      20,
      28,
      40,
      80,
      160,
      320,
      1000,
      64000
    ],
    "epoch": [
      67,
      59,
      51,
      116,
      99,
      79,
      79,
      111
    ],
    "loss": [
      41.42402593900164,
      51.822024847738575,
      66.2564303554244,
      103.20517254648563,
      167.4931603529078,
      289.37795807824523,
      735.5577115595241,
      39272.82118539176
    ]
  }
}