{
  "name": "Proposed codec [lite, P=8]",
  "description": "",
  "meta": {
    "model.name": "um-pcc-cls-only-pointnet-mmsp2023",
    "dataset.train.meta.name": "ModelNet40",
    "hp.num_classes": 40,
    "hp.num_points": 8,
    "hp.num_channels.g_a.pointwise": [
      3,
      8,
      8,
      16,
      16,
      32
    ],
    "hp.num_channels.g_a.mixer": [],
    "hp.num_channels.task_backend": [
      32,
      512,
      256,
      40
    ],
    "hp.groups.g_a.pointwise": [
      1,
      1,
      1,
      2,
      4
    ]
  },
  "results": {
    "bit_loss": [
      3.6383233147656697,
      8.05109798116081,
      12.034523524959818,
      18.042679877876267,
      30.773364798176434,
      75.10679539907694,
      120.00315698657664
    ],
    "acc_top1": [
      16.247974068071315,
      26.25607779578607,
      32.25283630470015,
      35.00810372771476,
      40.6807131280389,
      43.354943273906,
      43.59805510534845
    ],
    "run_hash": [
      "e6efbee1b9174e4581287616",
      "cdc9004d6d6e43629c0c751f",
      "b9b6039d3b4b46c7a6440a86",
      "1cfa2883267f471cb7ef03eb",
      "cc5140f673d04a8fa354a015",
      "06c784bfc3c84d6d8fde30f5",
      "6ecc432aebda439e9cc3f901"
    ],
    "criterion.lmbda.cls": [
      10,
      20,
      40,
      80,
      160,
      1000,
      4000
    ],
    "epoch": [
      65,
      51,
      95,
      76,
      113,
      77,
      76
    ],
    "loss": [
      32.84215967311271,
      57.78728914183582,
      103.14274404269175,
      191.87847524485286,
      350.70669204489343,
      1951.3858664341067,
      7477.34844762966
    ]
  }
}