{
  "name": "Proposed codec [micro, P=64]",
  "description": "",
  "meta": {
    "model.name": "um-pcc-cls-only-pointnet-mmsp2023",
    "dataset.train.meta.name": "ModelNet40",
    "hp.num_classes": 40,
    "hp.num_points": 64,
    "hp.num_channels.g_a.pointwise": [
      3,
      16
    ],
    "hp.num_channels.g_a.mixer": [],
    "hp.num_channels.task_backend.transform.pointwise": [
      16
    ],
    "hp.num_channels.task_backend.transform.mixer": [],
    "hp.num_channels.task_backend.mlp": [
      16,
      512,
      256,
      40
    ],
    "hp.groups.g_a.pointwise": [
      1
    ],
    "hp.groups.task_backend.transform.pointwise": []
  },
  "results": {
    "bit_loss": [
      8.468241563299296,
      11.24763878431274,
      19.083583222795728,
      24.240527058729672,
      33.096054967450534,
      47.33363650181305,
      75.9927387948554
    ],
    "acc_top1": [
      40.072933549432726,
      48.09562398703407,
      60.9805510534846,
      64.2220421393841,
      69.65153970826582,
      74.10858995137761,
      76.58022690437602
    ],
    "run_hash": [
      "c647365ebe854d43a4de7733",
      "2a486474201f48ff8537bc51",
      "e0379f724c42432a898779be",
      "73837726501647aeb47b2fbf",
      "4849301d21c4459e97c5fb6f",
      "7f5f17e6882a4a97b2e7ab2d",
      "1ae7bf3f9ecf402797d6dfa7"
    ],
    "criterion.lmbda.cls": [
      10,
      14,
      28,
      40,
      80,
      160,
      4000
    ],
    "epoch": [
      63,
      52,
      53,
      55,
      87,
      67,
      63
    ],
    "loss": [
      27.4662314836944,
      34.09943414004928,
      54.802130527589085,
      69.17789094451952,
      109.65864797929116,
      182.86403869925675,
      3123.5118311259116
    ]
  }
}