{
  "name": "Ulhaq2024 PointNet++ [full, chamfer_dist ≤ 0.0032]",
  "description": "",
  "meta": {
    "criterion.lmbda.rec": 8000.0,
    "hp.D": [
      0,
      128,
      192,
      256
    ],
    "hp.E": [
      3,
      64,
      32,
      16,
      0
    ],
    "hp.M": [
      0,
      0,
      64,
      64
    ],
    "hp.P": [
      1024,
      256,
      64,
      1
    ],
    "hp.R": [
      null,
      0.2,
      0.4,
      null
    ],
    "hp.S": [
      null,
      4,
      4,
      64
    ],
    "stats.num_params": 661486.0,
    "codec_size": "full"
  },
  "meta_": {
    "criterion.lmbda.cls": [
      0.00195313,
      0.00390625,
      0.015625,
      0.0625,
      0.25,
      0.5,
      1.0,
      4.0
    ],
    "run_hash": [
      "7eb4407eae214979aa8d2d01",
      "7562d32049494268988c441d",
      "45e1ab5e59dd4d03b4d2e9e3",
      "5f20163f78cc447bb919a3ea",
      "81bd3195f0d44472b3fb8345",
      "8484ac991bd94172bb1ad8ab",
      "86391b46f46243b3bb040663",
      "7d2c736e03be49fd94f43ddf"
    ]
  },
  "results": {
    "loss": [
      27.42589639,
      27.46830793,
      27.46770620,
      27.46267822,
      27.54395988,
      27.68682987,
      27.83578160,
      29.02035699
    ],
    "acc_top1": [
      4.0518640,
      38.857374,
      76.782820,
      86.061588,
      88.533225,
      89.019449,
      89.303079,
      89.586710
    ],
    "bpp_loss": [
      2.30894708,
      2.30934414,
      2.31659300,
      2.33002266,
      2.34345356,
      2.35526117,
      2.37250084,
      2.43214485
    ],
    "bpp_y_2_loss": [
      2.28853500,
      2.28648118,
      2.28442196,
      2.28665353,
      2.28869222,
      2.28875444,
      2.29302139,
      2.28821438
    ],
    "bpp_y_3_1_loss": [
      0.0,
      0.00469557,
      0.01291787,
      0.02478317,
      0.04126472,
      0.05327242,
      0.06992626,
      0.13858942
    ],
    "bpp_y_3_2_loss": [
      0.02041208,
      0.01816739,
      0.01925315,
      0.01858599,
      0.01349664,
      0.01323431,
      0.00955319,
      0.00534105
    ],
    "bpp": [
      2.30894708,
      2.30934414,
      2.31659300,
      2.33002266,
      2.34345356,
      2.35526117,
      2.37250084,
      2.43214485
    ],
    "cls_loss": [
      3.61440307,
      1.95911616,
      0.77521140,
      0.43845782,
      0.37224217,
      0.36201668,
      0.35263402,
      0.34138326
    ],
    "rec_loss": [
      0.00313874,
      0.00314391,
      0.00314238,
      0.00313816,
      0.00313843,
      0.00314382,
      0.00313883,
      0.00315283
    ],
    "epoch": [
      131,
      131,
      131,
      131,
      131,
      131,
      131,
      131
    ],
    "lr/net": [
      1e-07,
      1e-07,
      1e-07,
      1e-07,
      1e-07,
      1e-07,
      1e-07,
      1e-07
    ],
    "bit_loss": [
      2364.36180992,
      2364.76839936,
      2372.19123200,
      2385.94320384,
      2399.69644544,
      2411.78743808,
      2429.44086016,
      2490.51632640
    ]
  }
}
