{
  "name": "Ulhaq2024 PointNet++ [full, chamfer_dist ≤ 0.0036]",
  "description": "",
  "meta": {
    "criterion.lmbda.rec": 1000.0,
    "hp.D": [
      0,
      128,
      192,
      256
    ],
    "hp.E": [
      3,
      64,
      32,
      16,
      0
    ],
    "hp.M": [
      0,
      0,
      64,
      64
    ],
    "hp.P": [
      1024,
      256,
      64,
      1
    ],
    "hp.R": [
      null,
      0.2,
      0.4,
      null
    ],
    "hp.S": [
      null,
      4,
      4,
      64
    ],
    "stats.num_params": 661486.0,
    "codec_size": "full"
  },
  "meta_": {
    "criterion.lmbda.cls": [
      0.0,
      0.00390625,
      0.015625,
      0.03125,
      0.0625,
      0.25,
      1.0
    ],
    "run_hash": [
      "12fc1993efa541918e91d8f6",
      "05a976cdbc744c36aca14d8b",
      "30f8c8cbea6d4c538736da5f",
      "4da25f67ed2f4c9489abafe6",
      "c6481510ad62465499d84e95",
      "c041471142b546faa0ca8af2",
      "873b9dd77f7d475ba0a793f8"
    ]
  },
  "results": {
    "loss": [
      4.7197027,
      4.7199346,
      4.73614128,
      4.74716296,
      4.7566923,
      4.87535402,
      5.18200643
    ],
    "acc_top1": [
      0.810373,
      42.58508900000001,
      77.91734200000001,
      83.9141,
      86.102107,
      88.938412,
      89.627229
    ],
    "bpp_loss": [
      1.22910947,
      1.23279447,
      1.24110821,
      1.24372357,
      1.25022722,
      1.26271071,
      1.29792521
    ],
    "bpp_y_2_loss": [
      1.21540128,
      1.21482606,
      1.21820514,
      1.2161418,
      1.21626403,
      1.21493567,
      1.22252023
    ],
    "bpp_y_3_1_loss": [
      1e-08,
      0.00461756,
      0.012728,
      0.0173319,
      0.0239363,
      0.04031894,
      0.07220191
    ],
    "bpp_y_3_2_loss": [
      0.01370818,
      0.01335085,
      0.01017507,
      0.01024987,
      0.01002689,
      0.0074561,
      0.00320308
    ],
    "bpp": [
      1.22910947,
      1.23279447,
      1.24110821,
      1.24372357,
      1.25022722,
      1.26271071,
      1.29792521
    ],
    "cls_loss": [
      6.5973481,
      1.86685406,
      0.73262842,
      0.51866996,
      0.43173914,
      0.38267306,
      0.34861984
    ],
    "rec_loss": [
      0.00349059,
      0.00347985,
      0.00348359,
      0.00348723,
      0.00347948,
      0.00351698,
      0.00353546
    ],
    "epoch": [
      131,
      131,
      135,
      131,
      131,
      159,
      113
    ],
    "lr/net": [
      1e-07,
      1e-08,
      1e-07,
      1e-07,
      1e-07,
      1e-08,
      1e-07
    ],
    "bit_loss": [
      1258.60809728,
      1262.38153728,
      1270.89480704,
      1273.57293568,
      1280.23267328,
      1293.01576704,
      1329.07541504
    ]
  }
}
