{
  "name": "Ulhaq2024 PointNet++ [lite, acc_top1 = 88%]",
  "description": "",
  "meta": {
    "hp.D": [
      0,
      32,
      48,
      64
    ],
    "hp.E": [
      3,
      32,
      16,
      8,
      0
    ],
    "hp.M": [
      0,
      0,
      16,
      64
    ],
    "hp.P": [
      1024,
      256,
      64,
      1
    ],
    "hp.R": [
      null,
      0.2,
      0.4,
      null
    ],
    "hp.S": [
      null,
      4,
      4,
      64
    ],
    "stats.num_params": 219582.0,
    "codec_size": "lite"
  },
  "meta_": {
    "criterion.lmbda.cls": [
      0.5,
      0.5,
      1.0,
      0.25,
      1.0
    ],
    "criterion.lmbda.rec": [
      0.0,
      1.0,
      16.0,
      250.0,
      1000.0
    ],
    "run_hash": [
      "ee00f44112294bfeb0589eba",
      "52ac95b6e7bd446b8fea9101",
      "38a6a5a4266742beae7a3391",
      "a071562aed1e40849ce67254",
      "222badc4911148d9ad63d0dc"
    ]
  },
  "results": {
    "loss": [
      0.26025248,
      0.27214300,
      0.61971209,
      2.16963731,
      5.69972783
    ],
    "acc_top1": [
      88.452188,
      88.087520,
      88.128039,
      87.844408,
      87.884927
    ],
    "bpp_loss": [
      0.05849386,
      0.05983534,
      0.07389126,
      0.84664295,
      1.26843178
    ],
    "bpp_y_2_loss": [
      0.0,
      0.0,
      0.0,
      0.79759829,
      1.18677617
    ],
    "bpp_y_3_1_loss": [
      0.05849386,
      0.05983534,
      0.07389126,
      0.04645436,
      0.07514934
    ],
    "bpp_y_3_2_loss": [
      0.0,
      0.0,
      0.0,
      0.00259030,
      0.00650626
    ],
    "bpp": [
      0.05849386,
      0.05983534,
      0.07389126,
      0.84664295,
      1.26843178
    ],
    "cls_loss": [
      0.40351724,
      0.40472184,
      0.39135445,
      0.41110866,
      0.39375634
    ],
    "rec_loss": [
      0.13477786,
      0.00994674,
      0.00965415,
      0.00488087,
      0.00403754
    ],
    "epoch": [
      103.0,
      73.0,
      79.0,
      128.0,
      128.0
    ],
    "lr/net": [
      1e-05,
      1e-05,
      1e-05,
      1e-05,
      1e-06
    ],
    "bit_loss": [
      59.89771264,
      61.27138816,
      75.66465024,
      866.9623808,
      1298.87414272
    ]
  }
}
