{
  "name": "Ulhaq2024 PointNet++ [lite, chamfer_dist ≤ 0.0042]",
  "description": "",
  "meta": {
    "criterion.lmbda.rec": 1000.0,
    "hp.D": [
      0,
      32,
      48,
      64
    ],
    "hp.E": [
      3,
      32,
      16,
      8,
      0
    ],
    "hp.M": [
      0,
      0,
      16,
      64
    ],
    "hp.P": [
      1024,
      256,
      64,
      1
    ],
    "hp.R": [
      null,
      0.2,
      0.4,
      null
    ],
    "hp.S": [
      null,
      4,
      4,
      64
    ],
    "stats.num_params": 219582.0,
    "codec_size": "lite"
  },
  "meta_": {
    "criterion.lmbda.cls": [
      0.0078125,
      0.03125,
      0.0625,
      0.25,
      1.0
    ],
    "run_hash": [
      "e632eecc8f6047908748d669",
      "6e0c2a215cd941fcb5d5258b",
      "10a71236ebdf4a36a7bdfbb3",
      "a4ffa164fb50439488224475",
      "222badc4911148d9ad63d0dc"
    ]
  },
  "results": {
    "loss": [
      5.22410996,
      5.31549375,
      5.36230104,
      5.50886863,
      5.69972783
    ],
    "acc_top1": [
      56.158833,
      79.254457,
      82.455429,
      86.91248,
      87.884927
    ],
    "bpp_loss": [
      1.20766104,
      1.22087619,
      1.22481397,
      1.24368437,
      1.26843178
    ],
    "bpp_y_2_loss": [
      1.18367419,
      1.18755447,
      1.18409635,
      1.18316162,
      1.18677617
    ],
    "bpp_y_3_1_loss": [
      0.00796238,
      0.01870802,
      0.02625653,
      0.04759026,
      0.07514934
    ],
    "bpp_y_3_2_loss": [
      0.01602447,
      0.0146137,
      0.01446109,
      0.01293249,
      0.00650626
    ],
    "bpp": [
      1.20766104,
      1.22087619,
      1.22481397,
      1.24368437,
      1.26843178
    ],
    "cls_loss": [
      1.39613278,
      0.66875665,
      0.56089396,
      0.44784423,
      0.39375634
    ],
    "rec_loss": [
      0.00400554,
      0.00407372,
      0.00410243,
      0.00415322,
      0.00403754
    ],
    "epoch": [
      124,
      103,
      103,
      78,
      128
    ],
    "lr/net": [
      1e-06,
      1e-06,
      1e-06,
      1e-05,
      1e-06
    ],
    "bit_loss": [
      1236.64490496,
      1250.17721856,
      1254.20950528,
      1273.53279488,
      1298.87414272
    ]
  }
}
