{
  "name": "Ulhaq2024 PointNet++ [full, acc_top1 = 90%]",
  "description": "",
  "meta": {
    "hp.D": [
      0,
      128,
      192,
      256
    ],
    "hp.E": [
      3,
      64,
      32,
      16,
      0
    ],
    "hp.M": [
      0,
      0,
      64,
      64
    ],
    "hp.P": [
      1024,
      256,
      64,
      1
    ],
    "hp.R": [
      null,
      0.2,
      0.4,
      null
    ],
    "hp.S": [
      null,
      4,
      4,
      64
    ],
    "stats.num_params": 661486.0,
    "codec_size": "full"
  },
  "meta_": {
    "criterion.lmbda.cls": [
      0.5,
      1.0,
      1.0,
      0.5,
      4.0
    ],
    "criterion.lmbda.rec": [
      1.0,
      250.0,
      1000.0,
      2000.0,
      8000.0
    ],
    "run_hash": [
      "4f6ef02664d046778e0cfbc7",
      "28fa1970031d47ae9235bd7c",
      "873b9dd77f7d475ba0a793f8",
      "cd6e7fdeb4564abc9e5b1178",
      "7d2c736e03be49fd94f43ddf"
    ]
  },
  "results": {
    "loss": [
      0.23642634,
      2.32581397,
      5.18200643,
      8.3421637,
      29.02035699
    ],
    "acc_top1": [
      89.505673,
      89.627229,
      89.627229,
      89.505673,
      89.58671
    ],
    "bpp_loss": [
      0.05193985,
      0.88418747,
      1.29792521,
      1.44277547,
      2.43214485
    ],
    "bpp_y_2_loss": [
      0.0,
      0.80997146,
      1.22252023,
      1.38711483,
      2.28821438
    ],
    "bpp_y_3_1_loss": [
      0.05193327,
      0.0717456,
      0.07220191,
      0.05136733,
      0.13858942
    ],
    "bpp_y_3_2_loss": [
      6.58e-06,
      0.00247041,
      0.00320308,
      0.0042933,
      0.00534105
    ],
    "bpp": [
      0.05193985,
      0.88418747,
      1.29792521,
      1.44277547,
      2.43214485
    ],
    "cls_loss": [
      0.34984948,
      0.34056375,
      0.34861984,
      0.33710865,
      0.34138326
    ],
    "rec_loss": [
      0.00956175,
      0.00440425,
      0.00353546,
      0.00336542,
      0.00315283
    ],
    "epoch": [
      92.0,
      109.0,
      113.0,
      189.0,
      131.0
    ],
    "lr/net": [
      1e-06,
      1e-07,
      1e-07,
      1e-07,
      1e-07
    ],
    "bit_loss": [
      53.1864064,
      905.40796928,
      1329.07541504,
      1477.40208128,
      2490.5163264
    ]
  }
}
