{
  "name": "Ulhaq2024 PointNet++ [lite, chamfer_dist ≤ 0.0057]",
  "description": "",
  "meta": {
    "hp.D": [
      0,
      32,
      48,
      64
    ],
    "hp.E": [
      3,
      32,
      16,
      8,
      0
    ],
    "hp.M": [
      0,
      0,
      16,
      64
    ],
    "hp.P": [
      1024,
      256,
      64,
      1
    ],
    "hp.R": [
      null,
      0.2,
      0.4,
      null
    ],
    "hp.S": [
      null,
      4,
      4,
      64
    ],
    "stats.num_params": 219582.0,
    "codec_size": "lite"
  },
  "meta_": {
    "criterion.lmbda.cls": [
      0.0,
      0.0078125,
      0.0625,
      0.25,
      1.0
    ],
    "criterion.lmbda.rec": [
      125.0,
      125.0,
      125.0,
      250.0,
      1000.0
    ],
    "run_hash": [
      "8a4d68396bc74c3bac852367",
      "71c9f4c9e15544438e00278b",
      "ac9883eb7ec0491aaae36bf1",
      "a071562aed1e40849ce67254",
      "660d994b49e04086984ae84a"
    ]
  },
  "results": {
    "loss": [
      1.39685461,
      1.41732887,
      1.44433058,
      2.16963731,
      5.7469815
    ],
    "acc_top1": [
      4.0518640,
      60.940032,
      84.278768,
      87.844408,
      88.857374
    ],
    "bpp_loss": [
      0.68836731,
      0.69626452,
      0.70467201,
      0.84664295,
      1.10601722
    ],
    "bpp_y_2_loss": [
      0.67763554,
      0.67875327,
      0.67623517,
      0.79759829,
      1.02177466
    ],
    "bpp_y_3_1_loss": [
      0.0,
      0.00827269,
      0.02447877,
      0.04645436,
      0.07326331
    ],
    "bpp_y_3_2_loss": [
      0.01073177,
      0.00923856,
      0.00395808,
      0.0025903,
      0.01097925
    ],
    "bpp": [
      0.68836731,
      0.69626452,
      0.70467201,
      0.84664295,
      1.10601722
    ],
    "cls_loss": [
      5.95859363,
      1.26705812,
      0.52618483,
      0.41110866,
      0.39372895
    ],
    "rec_loss": [
      0.0056679,
      0.00568932,
      0.00565418,
      0.00488087,
      0.00424724
    ],
    "epoch": [
      124,
      124,
      124,
      128,
      280
    ],
    "lr/net": [
      1e-06,
      1e-06,
      1e-05,
      1e-05,
      1e-08
    ],
    "bit_loss": [
      704.88812544,
      712.97486848,
      721.58413824,
      866.9623808,
      1132.56163328
    ]
  }
}
