{
  "name": "Ulhaq2023 PointNet [full, P=128]",
  "description": "",
  "meta": {
    "model.name": "um-pcc-cls-only-pointnet-mmsp2023",
    "dataset.train.meta.name": "ModelNet40",
    "hp.num_classes": 40,
    "hp.num_points": 128,
    "hp.num_channels.g_a.pointwise": [
      3,
      64,
      64,
      64,
      128,
      1024
    ],
    "hp.num_channels.g_a.mixer": [],
    "hp.num_channels.task_backend": [
      1024,
      512,
      256,
      40
    ],
    "hp.groups.g_a.pointwise": [
      1,
      1,
      1,
      1,
      1
    ]
  },
  "results": {
    "bit_loss": [
      6.454606199960074,
      12.697890128656567,
      14.579912065107202,
      30.237621900907794,
      47.96556904945806,
      73.34147878983805,
      149.32776123739336,
      338.6250991203026,
      787.0635581735271
    ],
    "acc_top1": [
      39.667747163695296,
      59.643435980551054,
      65.31604538087517,
      77.3905996758509,
      81.19935170178285,
      84.07617504051866,
      85.89951377633712,
      86.50729335494329,
      87.1150729335494
    ],
    "run_hash": [
      "abd35ef1fa54421fb64d5109",
      "651f4177a60047d3a12fdf65",
      "b3f1029a36cf4493857d11fb",
      "0491f43ad9054fe1b46cbc4f",
      "3dd6b6032b39440b8632774c",
      "8a1d2df7850543ecac653971",
      "937ec77e66164112b0e9f86d",
      "1a73006ceccf4d73a28adbed",
      "c6095a9ca2be4facb2a3f6a1"
    ],
    "criterion.lmbda.cls": [
      10,
      20,
      28,
      80,
      160,
      320,
      1000,
      4000,
      16000
    ],
    "epoch": [
      86,
      66,
      101,
      78,
      76,
      83,
      78,
      59,
      67
    ],
    "loss": [
      25.875631644621468,
      38.39082185569033,
      46.36617719257671,
      90.26171929407357,
      146.3592897288416,
      246.72478288499042,
      641.8808093202367,
      2186.167281832456,
      8328.643542025424
    ]
  }
}