{
  "name": "Ulhaq2023 PointNet [full, P=512]",
  "description": "",
  "meta": {
    "model.name": "um-pcc-cls-only-pointnet-mmsp2023",
    "dataset.train.meta.name": "ModelNet40",
    "hp.num_classes": 40,
    "hp.num_points": 512,
    "hp.num_channels.g_a.pointwise": [
      3,
      64,
      64,
      64,
      128,
      1024
    ],
    "hp.num_channels.g_a.mixer": [],
    "hp.num_channels.task_backend": [
      1024,
      512,
      256,
      40
    ],
    "hp.groups.g_a.pointwise": [
      1,
      1,
      1,
      1,
      1
    ]
  },
  "results": {
    "bit_loss": [
      8.059768203784813,
      9.100822522922313,
      12.61906478702539,
      19.937116301426816,
      30.442127629655687,
      46.34804290079027,
      60.3257442888603,
      71.68734302242534,
      145.76007438672036,
      308.1313062572016,
      751.1920103694478
    ],
    "acc_top1": [
      51.580226904376005,
      56.03727714748783,
      68.39546191247973,
      75.68881685575366,
      80.02431118314426,
      82.82009724473257,
      84.23824959481358,
      84.88654781199352,
      86.87196110210698,
      87.68233387358187,
      88.04700162074555
    ],
    "run_hash": [
      "94d71f4704dd4433ba391847",
      "37b1447e244e4531af6b3dfa",
      "d72bcd70c97d4e97be7e3ec0",
      "cf7513f9a626441286511cba",
      "b242af2d14314f3692585836",
      "644b396e588d4b5cb69061f2",
      "0fcb891d5a3a4fa7ad00dcfb",
      "df72868642e7499fba564005",
      "0e5ad4015105480c9cab5312",
      "345f450d0eb74337ae1097e1",
      "e132dd23cf74404a97976588"
    ],
    "criterion.lmbda.cls": [
      10,
      14,
      20,
      40,
      80,
      160,
      240,
      320,
      1000,
      4000,
      16000
    ],
    "epoch": [
      62,
      98,
      126,
      76,
      109,
      92,
      89,
      59,
      71,
      57,
      48
    ],
    "loss": [
      24.33643698421831,
      29.713306278618273,
      33.45002678572842,
      51.74927727252584,
      82.50370531375827,
      139.50324806942933,
      194.8546195996253,
      238.06165925803415,
      625.4339471010178,
      2157.243602882521,
      8246.640547444795
    ]
  }
}