{
  "name": "Input compression codec PointNet++ [draco, P=*]",
  "description": "",
  "meta_": {
    "num_points": [
      16,
      32,
      32,
      64,
      64,
      128,
      256,
      256,
      1024
    ],
    "scale": [
      8.0,
      8.0,
      16.0,
      16.0,
      32.0,
      32.0,
      32.0,
      64.0,
      64.0
    ]
  },
  "results": {
    "bit_loss": [
      1461.098865,
      1516.531605,
      1612.794165,
      1782.962723,
      1971.153971,
      2405.555916,
      3095.024311,
      3842.350081,
      8382.463533
    ],
    "acc_top1": [
      60.4943,
      71.9206,
      79.5381,
      83.3874,
      86.3047,
      87.6418,
      89.5867,
      90.5592,
      90.9643
    ]
  }
}
