{
  "name": "Input compression codec PointNet++ [tmc13, P=*]",
  "description": "",
  "meta_": {
    "num_points": [
      16,
      32,
      64,
      32,
      64,
      64,
      128,
      256,
      256,
      512,
      1024
    ],
    "scale": [
      8.0,
      8.0,
      8.0,
      16.0,
      16.0,
      32.0,
      32.0,
      32.0,
      128.0,
      64.0,
      256.0
    ]
  },
  "results": {
    "bit_loss": [
      204.962723,
      274.385737,
      359.857374,
      411.510535,
      622.593193,
      850.019449,
      1390.599676,
      2247.348460,
      3890.813614,
      5244.674230,
      14853.604538
    ],
    "acc_top1": [
      62.2366,
      71.5559,
      75.9724,
      78.3630,
      84.1977,
      85.7780,
      87.9254,
      90.1135,
      90.5186,
      90.7212,
      91.0049
    ]
  }
}
