{
  "name": "Input compression codec PointNet++ [octattn, P=*]",
  "description": "",
  "meta_": {
    "num_points": [
      16,
      32,
      64,
      128,
      256,
      1024,
      1024
    ],
    "scale": [
      16.0,
      16.0,
      16.0,
      16.0,
      16.0,
      64.0,
      128.0
    ]
  },
  "results": {
    "bit_loss": [
      236.762142,
      395.234694,
      636.559865,
      998.616145,
      1480.255843,
      9470.977199,
      13322.971614
    ],
    "acc_top1": [
      68.5347,
      80.0595,
      86.2563,
      88.3031,
      89.8729,
      90.9609,
      91.0787
    ]
  }
}
