{
  "name": "Ulhaq2023 PointNet [lite, P=128]",
  "description": "",
  "meta": {
    "model.name": "um-pcc-cls-only-pointnet-mmsp2023",
    "dataset.train.meta.name": "ModelNet40",
    "hp.num_classes": 40,
    "hp.num_points": 128,
    "hp.num_channels.g_a.pointwise": [
      3,
      8,
      8,
      16,
      16,
      32
    ],
    "hp.num_channels.g_a.mixer": [],
    "hp.num_channels.task_backend": [
      32,
      512,
      256,
      40
    ],
    "hp.groups.g_a.pointwise": [
      1,
      1,
      1,
      2,
      4
    ]
  },
  "results": {
    "bit_loss": [
      9.139896219707962,
      14.153339319522802,
      16.75714623097275,
      20.953908212374245,
      30.912718100524597,
      45.57043164591736,
      66.35379654004856,
      97.0169865810697,
      154.84970374702442
    ],
    "acc_top1": [
      49.99999999999999,
      62.56077795786062,
      66.57212317666126,
      69.40842787682332,
      76.13452188006484,
      78.97082658022688,
      80.75364667747166,
      82.94165316045382,
      83.95461912479742
    ],
    "run_hash": [
      "35ac9d61cf004d19be7f3b9a",
      "e879dec26aa648bab969b77d",
      "409e8a6eb8ff4e07a349a313",
      "94d2c4f707b3456587120ead",
      "26b03638d68d4a6192971584",
      "e9029351f96649b5baa4cdd9",
      "f0940ae0c9694ecc86573452",
      "e27b2a8b42634c399faaf5f1",
      "344d76ccf733488895858eef"
    ],
    "criterion.lmbda.cls": [
      10,
      20,
      28,
      40,
      80,
      160,
      320,
      1000,
      64000
    ],
    "epoch": [
      74,
      90,
      65,
      89,
      89,
      90,
      80,
      97,
      65
    ],
    "loss": [
      25.37432992400382,
      38.52117450040203,
      47.56034956179333,
      59.52352949788545,
      92.32160981856828,
      152.90432412813706,
      260.6414469466989,
      666.2034344294469,
      33977.1548183942
    ]
  }
}