{
  "name": "Ulhaq2023 PointNet [lite, P=512]",
  "description": "",
  "meta": {
    "model.name": "um-pcc-cls-only-pointnet-mmsp2023",
    "dataset.train.meta.name": "ModelNet40",
    "hp.num_classes": 40,
    "hp.num_points": 512,
    "hp.num_channels.g_a.pointwise": [
      3,
      8,
      8,
      16,
      16,
      32
    ],
    "hp.num_channels.g_a.mixer": [],
    "hp.num_channels.task_backend": [
      32,
      512,
      256,
      40
    ],
    "hp.groups.g_a.pointwise": [
      1,
      1,
      1,
      2,
      4
    ]
  },
  "results": {
    "bit_loss": [
      9.630286018890923,
      12.182766572776064,
      13.894494670330028,
      17.729412194782174,
      21.59551612445949,
      31.86350775769697,
      48.21294667693747,
      66.85374845136892,
      133.86083796422332,
      155.3692289627545
    ],
    "acc_top1": [
      54.70016207455431,
      62.31766612641816,
      66.00486223662885,
      70.90761750405187,
      73.66288492706646,
      78.36304700162074,
      82.0907617504052,
      84.27876823338735,
      85.21069692058346,
      85.45380875202595
    ],
    "run_hash": [
      "c3903c2caacd42e388686e3c",
      "8b5ec8910c1846dfb9b3e283",
      "d177d3b6bec04716bef3169a",
      "c48c60d9355b411caea1f7f6",
      "03305ceae3a84c14acb86d9e",
      "01d1ce496d51424b8f540444",
      "08ed60fe40734da4a3220166",
      "c67754992d4b46888796c8c2",
      "fa1f58b946dd4539846cb11c",
      "d0ea09f524bd4c24b8dbbdcb"
    ],
    "criterion.lmbda.cls": [
      10,
      14,
      20,
      28,
      40,
      80,
      160,
      320,
      4000,
      16000
    ],
    "epoch": [
      119,
      75,
      56,
      88,
      71,
      70,
      48,
      71,
      58,
      58
    ],
    "loss": [
      24.084001043434082,
      29.53855455791157,
      36.260529813349144,
      43.910960353560746,
      55.400298280885956,
      88.01698090539371,
      147.69192870895907,
      249.7553057060057,
      2221.8767032468727,
      8411.548763231869
    ]
  }
}