{
  "name": "Proposed codec [micro, P=32]",
  "description": "",
  "meta": {
    "model.name": "um-pcc-cls-only-pointnet-mmsp2023",
    "dataset.train.meta.name": "ModelNet40",
    "hp.num_classes": 40,
    "hp.num_points": 32,
    "hp.num_channels.g_a.pointwise": [
      3,
      16
    ],
    "hp.num_channels.g_a.mixer": [],
    "hp.num_channels.task_backend.transform.pointwise": [
      16
    ],
    "hp.num_channels.task_backend.transform.mixer": [],
    "hp.num_channels.task_backend.mlp": [
      16,
      512,
      256,
      40
    ],
    "hp.groups.g_a.pointwise": [
      1
    ],
    "hp.groups.task_backend.transform.pointwise": []
  },
  "results": {
    "bit_loss": [
      7.885356171977383,
      9.900448163865647,
      13.709734051115511,
      17.85360995992849,
      21.685971447096076,
      33.17231858066454,
      46.99980579048538,
      58.12326060315199,
      71.17706594358965
    ],
    "acc_top1": [
      32.33387358184764,
      40.194489465153964,
      47.24473257698543,
      53.16045380875202,
      56.40194489465157,
      62.76337115072933,
      67.94975688816855,
      69.48946515397083,
      70.2998379254457
    ],
    "run_hash": [
      "ea84c6e2a51c45ca9de04edf",
      "b37b7429efc245de8660d61e",
      "217aba88377b4a91b2d0ca01",
      "4853d4637c3f4ba7a8bbff0a",
      "d3d59eabf4c34f36b6bbe5aa",
      "1d95a9e029ec4557bceff8ee",
      "f68a4f62db184f698de6052b",
      "113425c2d72d477c8266e29b",
      "001ab0611db14aa78af30cec"
    ],
    "criterion.lmbda.cls": [
      10,
      14,
      20,
      28,
      40,
      80,
      160,
      320,
      1000
    ],
    "epoch": [
      54,
      54,
      51,
      54,
      44,
      56,
      90,
      54,
      54
    ],
    "loss": [
      29.167477643277305,
      36.04529330409713,
      47.44280085880521,
      59.62138717873942,
      77.22391803067545,
      126.75829924795191,
      210.00490061854237,
      375.84587712960257,
      1023.8376494520486
    ]
  }
}