{
  "name": "Ulhaq2023 PointNet [full, P=1024]",
  "description": "",
  "meta": {
    "model.name": "sfu-pcc-cls-only-pointnet",
    "dataset.train.meta.name": "ModelNet40",
    "hp.num_classes": 40,
    "hp.num_points": 1024,
    "hp.num_channels.g_a": [
      3,
      64,
      64,
      64,
      128,
      1024
    ],
    "hp.num_channels.g_a.mixer": [],
    "hp.num_channels.task_backend": [
      1024,
      512,
      256,
      40
    ],
    "hp.groups.g_a": [
      1,
      1,
      1,
      1,
      1
    ]
  },
  "results": {
    "bit_loss": [
      8.055724324824554,
      10.378093105854052,
      14.498847074214993,
      16.711520236740245,
      20.964733479281882,
      30.77870351027825,
      46.49074642855306,
      60.2441898760185,
      74.49103036691923,
      139.42339345972195,
      789.7803096431193
    ],
    "acc_top1": [
      45.137763371150726,
      59.359805510534834,
      69.48946515397083,
      72.48784440842789,
      76.53970826580225,
      81.07779578606159,
      83.9546191247974,
      85.00810372771474,
      85.89951377633712,
      87.6418152350081,
      88.49270664505674
    ],
    "run_hash": [
      "8a59f52ab3d04649913357c3",
      "48b76524474e4c1b8206056d",
      "55f1acfe0e304065b328202b",
      "18388dd3556b4af8ba48c038",
      "5d374263257a4f08b73bf21d",
      "11b05bf4293e4e728caf66a1",
      "c9e04f474c2b4852a4ddaf85",
      "dfd71410fa16468697fb2d47",
      "dc57d83678854c2eaf63ac5e",
      "deff251f04694d46ac04b797",
      "d701c67e3f03430e930ddadd"
    ],
    "criterion.lmbda.cls": [
      10,
      14,
      20,
      28,
      40,
      80,
      160,
      240,
      320,
      1000,
      16000
    ],
    "epoch": [
      62,
      133,
      96,
      115,
      74,
      67,
      69,
      78,
      59,
      41,
      37
    ],
    "loss": [
      25.72064647334515,
      28.77937818926002,
      35.01307106945464,
      41.644228287608755,
      52.094238726401066,
      80.90313161791242,
      133.38359062405036,
      186.3630758375171,
      232.39095826975912,
      600.3793595126999,
      8036.336441608843
    ]
  }
}