{
  "name": "Ulhaq2023 PointNet [full, P=8]",
  "description": "",
  "meta": {
    "model.name": "sfu-pcc-cls-only-pointnet",
    "dataset.train.meta.name": "ModelNet40",
    "hp.num_classes": 40,
    "hp.num_points": 8,
    "hp.num_channels.g_a": [
      3,
      64,
      64,
      64,
      128,
      1024
    ],
    "hp.num_channels.g_a.mixer": [],
    "hp.num_channels.task_backend": [
      1024,
      512,
      256,
      40
    ],
    "hp.groups.g_a": [
      1,
      1,
      1,
      1,
      1
    ]
  },
  "results": {
    "bit_loss": [
      2.079993116797658,
      4.970628732993498,
      7.542820887975213,
      10.298854221980811,
      24.519395188342415,
      36.370600355695494,
      44.28640946151756,
      89.7443740943649,
      237.1516003230016,
      725.2840664212862
    ],
    "acc_top1": [
      12.196110210696919,
      20.178282009724466,
      25.081037277147487,
      29.78119935170178,
      36.87196110210696,
      39.91085899513775,
      40.964343598055095,
      44.5705024311183,
      46.27228525121555,
      46.799027552674225
    ],
    "run_hash": [
      "1197f71ee9f34caf8ceea419",
      "1e8b7c71df414600b169885c",
      "2297e88d935c4a888d8cf794",
      "f5233554b1684a33b0af4805",
      "97fdbc57b8e1421a89e87712",
      "2e65d1c128d84706bde0b801",
      "a2e467a4e23a402c9fc54032",
      "f203f5d5b5c0476ba57792c6",
      "b24567a3bb4c4458bc1021b7",
      "c1e4a3908cd74926ab733ef0"
    ],
    "criterion.lmbda.cls": [
      10,
      20,
      28,
      40,
      160,
      240,
      320,
      1000,
      4000,
      16000
    ],
    "epoch": [
      107,
      78,
      77,
      107,
      65,
      77,
      51,
      51,
      51,
      51
    ],
    "loss": [
      32.804980984383306,
      60.07148105862463,
      77.80401530953628,
      104.34601186198968,
      359.4361816604093,
      513.7925726644805,
      670.8205230069892,
      1913.0830307625101,
      7308.280648551456,
      28336.651254811586
    ]
  }
}