{
  "name": "Ulhaq2023 PointNet [micro, P=16]",
  "description": "",
  "meta": {
    "model.name": "sfu-pcc-cls-only-pointnet",
    "dataset.train.meta.name": "ModelNet40",
    "hp.num_classes": 40,
    "hp.num_points": 16,
    "hp.num_channels.g_a": [
      3,
      16
    ],
    "hp.num_channels.g_a.mixer": [],
    "hp.num_channels.task_backend.transform": [
      16
    ],
    "hp.num_channels.task_backend.transform.mixer": [],
    "hp.num_channels.task_backend": [
      16,
      512,
      256,
      40
    ],
    "hp.groups.g_a": [
      1
    ],
    "hp.groups.task_backend.transform": []
  },
  "results": {
    "bit_loss": [
      6.905989462977677,
      12.781205078384673,
      15.094051775321773,
      17.063942292521034,
      30.964733800779864,
      44.541590821994184,
      55.730933104380604,
      76.0584872723399
    ],
    "acc_top1": [
      26.21555915721232,
      38.77633711507295,
      43.11183144246355,
      45.502431118314405,
      52.755267423014594,
      56.07779578606159,
      58.0226904376013,
      59.4003241491086
    ],
    "run_hash": [
      "9376580079364b8cb8bd9bad",
      "9b17a767e0e546dc800896bb",
      "663e57bbf38a444ca25889a3",
      "f0a49cbb25794024b5f47da1",
      "d7743b52f694450986b6a802",
      "16b4ecbed67b439091f23d4a",
      "2974ac48aaef493a91b39dd3",
      "1285c2b8e28342d1b2f17041"
    ],
    "criterion.lmbda.cls": [
      10,
      20,
      28,
      40,
      80,
      160,
      320,
      4000
    ],
    "epoch": [
      108,
      41,
      65,
      43,
      71,
      49,
      49,
      49
    ],
    "loss": [
      30.92862206185463,
      52.29924635678483,
      67.03392630999053,
      88.07189785603377,
      153.89205764449005,
      269.4696775958836,
      483.85306711057814,
      5313.439733273397
    ]
  }
}