{
  "name": "Ulhaq2023 PointNet [lite, P=1024]",
  "description": "",
  "meta": {
    "model.name": "sfu-pcc-cls-only-pointnet",
    "dataset.train.meta.name": "ModelNet40",
    "hp.num_classes": 40,
    "hp.num_points": 1024,
    "hp.num_channels.g_a": [
      3,
      8,
      8,
      16,
      16,
      32
    ],
    "hp.num_channels.g_a.mixer": [],
    "hp.num_channels.task_backend": [
      32,
      512,
      256,
      40
    ],
    "hp.groups.g_a": [
      1,
      1,
      1,
      2,
      4
    ]
  },
  "results": {
    "bit_loss": [
      10.983490163348678,
      12.45425187826543,
      13.723201722341383,
      18.09072515527858,
      22.008023949844134,
      32.941536472141244,
      48.02010362770415,
      65.66191509129355,
      137.0087611416364
    ],
    "acc_top1": [
      57.98217179902758,
      63.614262560777966,
      66.89627228525123,
      71.92058346839546,
      76.2965964343598,
      79.41653160453811,
      82.05024311183145,
      84.44084278768233,
      85.0486223662885
    ],
    "run_hash": [
      "ea428fd42da84dbcbc1f7c34",
      "5e90b82ce0ab44808345d57b",
      "ae645b27cd59429193667fb5",
      "95c1ea383a584e5aa29d63ce",
      "32d71c950b6243a5b3bc322d",
      "b159f611678f405fb942b8e7",
      "0b27e0776f534cf485cf56e6",
      "7189f08374f14026a1d782d5",
      "a7dceeefa39747ed90bf9e47"
    ],
    "criterion.lmbda.cls": [
      10,
      14,
      20,
      28,
      40,
      80,
      160,
      320,
      4000
    ],
    "epoch": [
      135,
      105,
      79,
      91,
      79,
      56,
      67,
      70,
      58
    ],
    "loss": [
      24.96896361686421,
      29.406736945796826,
      35.1766410716349,
      43.69930609852993,
      53.422528555945796,
      89.65866064136574,
      145.40904653787229,
      243.88495150029757,
      2381.8130438756716
    ]
  }
}