{
  "name": "Ulhaq2023 PointNet [full, P=16]",
  "description": "",
  "meta": {
    "model.name": "sfu-pcc-cls-only-pointnet",
    "dataset.train.meta.name": "ModelNet40",
    "hp.num_classes": 40,
    "hp.num_points": 16,
    "hp.num_channels.g_a": [
      3,
      64,
      64,
      64,
      128,
      1024
    ],
    "hp.num_channels.g_a.mixer": [],
    "hp.num_channels.task_backend": [
      1024,
      512,
      256,
      40
    ],
    "hp.groups.g_a": [
      1,
      1,
      1,
      1,
      1
    ]
  },
  "results": {
    "bit_loss": [
      4.241040055910231,
      5.038866196111496,
      8.729247343598152,
      11.496432254921094,
      13.758319652254423,
      19.281934141533103,
      39.23946909850382,
      59.88043457105444,
      126.39056783518488,
      303.6886773256273,
      767.9209165403101
    ],
    "acc_top1": [
      21.758508914100478,
      25.121555915721228,
      36.10210696920582,
      41.6936790923825,
      43.63857374392221,
      47.082658022690424,
      57.414910858995135,
      62.92544570502433,
      67.13938411669366,
      69.61102106969204,
      70.42139384116695
    ],
    "run_hash": [
      "f4f0daa773e7458b8aca9c36",
      "f769771c4fc143889a89860f",
      "42fed0e6e89a4b4d955799dd",
      "43b73b17c52a4f3ea716f37c",
      "b672ff6b3a9d405aa944c157",
      "ea4649d1d06745e1915175b8",
      "7bb468016c7c4dcda7810eb3",
      "ebb356b10bbb4609a7a751df",
      "d6d73497f5724e3ebd272675",
      "47f65bded78441adbd9883a2",
      "c96e48b11f384b0b9ad48d87"
    ],
    "criterion.lmbda.cls": [
      10,
      14,
      20,
      28,
      40,
      80,
      160,
      320,
      1000,
      4000,
      16000
    ],
    "epoch": [
      91,
      117,
      88,
      81,
      100,
      95,
      81,
      95,
      95,
      102,
      114
    ],
    "loss": [
      30.335942953100457,
      40.16738390188357,
      51.2431571873892,
      64.79739593802627,
      86.4155043690093,
      155.4095953596662,
      256.9456919665468,
      446.3509341445503,
      1183.0474087855805,
      4318.2175605563725,
      15878.440081480454
    ]
  }
}