{
  "name": "Ulhaq2023 PointNet [micro, P=8]",
  "description": "",
  "meta": {
    "model.name": "um-pcc-cls-only-pointnet-mmsp2023",
    "dataset.train.meta.name": "ModelNet40",
    "hp.num_classes": 40,
    "hp.num_points": 8,
    "hp.num_channels.g_a": [
      3,
      16
    ],
    "hp.num_channels.g_a.mixer": [],
    "hp.num_channels.task_backend.transform": [
      16
    ],
    "hp.num_channels.task_backend.transform.mixer": [],
    "hp.num_channels.task_backend": [
      16,
      512,
      256,
      40
    ],
    "hp.groups.g_a": [
      1
    ],
    "hp.groups.task_backend.transform": []
  },
  "results": {
    "bit_loss": [
      4.6214693894842265,
      6.2286253949231805,
      15.170940099311226,
      19.363487265291624,
      32.038201682957876,
      66.10885658449642,
      75.46335962873613
    ],
    "acc_top1": [
      15.599675850891401,
      20.664505672609405,
      31.48298217179903,
      34.96758508914101,
      38.16855753646677,
      41.49108589951378,
      41.8557536466775
    ],
    "run_hash": [
      "091100df08184a7ebcbaba08",
      "95a7d651fc8741039e17e78c",
      "7616451da5df44de893d6eda",
      "5ea0045cc3314e568223320c",
      "e3a896f09a9e44dfb8014e5f",
      "199a0dd0afa6490882b52c6f",
      "4ac2a9ca2046433194edfa5e"
    ],
    "criterion.lmbda.cls": [
      10,
      14,
      40,
      80,
      160,
      1000,
      8000
    ],
    "epoch": [
      25,
      31,
      31,
      77,
      63,
      51,
      76
    ],
    "loss": [
      33.888798100055716,
      44.28229183895662,
      107.42234376879527,
      192.34987498179828,
      357.82401309021105,
      1992.0727645898762,
      15407.246999088333
    ]
  }
}