{
  "name": "Ulhaq2023 PointNet [lite, P=256]",
  "description": "",
  "meta": {
    "model.name": "um-pcc-cls-only-pointnet-mmsp2023",
    "dataset.train.meta.name": "ModelNet40",
    "hp.num_classes": 40,
    "hp.num_points": 256,
    "hp.num_channels.g_a": [
      3,
      8,
      8,
      16,
      16,
      32
    ],
    "hp.num_channels.g_a.mixer": [],
    "hp.num_channels.task_backend": [
      32,
      512,
      256,
      40
    ],
    "hp.groups.g_a": [
      1,
      1,
      1,
      2,
      4
    ]
  },
  "results": {
    "bit_loss": [
      9.808367308766572,
      12.386441525995632,
      14.417356973335849,
      21.630658104894998,
      31.720071505109143,
      46.929991538173,
      65.8898184542911,
      155.5409990060271
    ],
    "acc_top1": [
      52.22852512155591,
      60.129659643435986,
      66.12641815235007,
      72.52836304700162,
      77.3905996758509,
      80.63209076175042,
      83.83306320907622,
      84.40032414910857
    ],
    "run_hash": [
      "225703b0aa5f47fe960faf59",
      "5b2498febe9b42eea32931a9",
      "8c8680ff9d3c4098a96f34cc",
      "3f6fa329965442cfa5767ffb",
      "87cc0f38b4314b8698e4567d",
      "7be555c3dff94d55b7ae7781",
      "26db4e30a0344e81bfcbd29a",
      "ea9a40bb37bc43f4875bc355"
    ],
    "criterion.lmbda.cls": [
      10,
      14,
      20,
      40,
      80,
      160,
      320,
      16000
    ],
    "epoch": [
      75,
      86,
      99,
      86,
      92,
      110,
      110,
      63
    ],
    "loss": [
      25.38226982994635,
      30.53744591538292,
      36.396295062147054,
      56.78045614727891,
      90.86109921843348,
      144.92002871125402,
      246.6322172835735,
      8677.718589349932
    ]
  }
}