{
  "name": "Ulhaq2023 PointNet [micro, P=1024]",
  "description": "",
  "meta": {
    "model.name": "um-pcc-cls-only-pointnet-mmsp2023",
    "dataset.train.meta.name": "ModelNet40",
    "hp.num_classes": 40,
    "hp.num_points": 1024,
    "hp.num_channels.g_a": [
      3,
      16
    ],
    "hp.num_channels.g_a.mixer": [],
    "hp.num_channels.task_backend.transform": [
      16
    ],
    "hp.num_channels.task_backend.transform.mixer": [],
    "hp.num_channels.task_backend.mlp": [
      16,
      512,
      256,
      40
    ],
    "hp.groups.g_a": [
      1
    ],
    "hp.groups.task_backend.transform": []
  },
  "results": {
    "bit_loss": [
      10.368016301716164,
      12.730780038879987,
      16.293404294760542,
      19.56110516861926,
      25.03870169270174,
      35.658706022043084,
      48.90806248199612,
      60.85847249332471,
      77.44358002154136
    ],
    "acc_top1": [
      52.593192868719605,
      60.85899513776336,
      65.80226904376012,
      69.1653160453809,
      72.64991896272286,
      77.3095623987034,
      80.91572123176664,
      82.9011345218801,
      83.58995137763371
    ],
    "run_hash": [
      "23ce7d6cfa9540d39018c347",
      "830fcc315cf842ca8f97d13c",
      "3f342c8484ae4ab1bd1f47dc",
      "d034ee31223544ddb269ab47",
      "e8f039056d9a499cb822722e",
      "1b2d1d2e7a334f5e81ea6839",
      "3ab1eaa13a23452c868df60b",
      "6c6d4ca5922848369c5aa6ef",
      "fbda6a0de5a84f81998e8263"
    ],
    "criterion.lmbda.cls": [
      10,
      14,
      20,
      28,
      40,
      80,
      160,
      320,
      4000
    ],
    "epoch": [
      86,
      100,
      60,
      31,
      72,
      72,
      48,
      62,
      62
    ],
    "loss": [
      25.565848110947073,
      30.867478480408604,
      38.158559295308066,
      47.83738304150548,
      58.97249117314912,
      92.49718976136738,
      151.36228376540018,
      251.39487238409444,
      2434.427778296571
    ]
  }
}