{
  "name": "Ulhaq2023 PointNet [micro, P=256]",
  "description": "",
  "meta": {
    "model.name": "um-pcc-cls-only-pointnet-mmsp2023",
    "dataset.train.meta.name": "ModelNet40",
    "hp.num_classes": 40,
    "hp.num_points": 256,
    "hp.num_channels.g_a.pointwise": [
      3,
      16
    ],
    "hp.num_channels.g_a.mixer": [],
    "hp.num_channels.task_backend.transform.pointwise": [
      16
    ],
    "hp.num_channels.task_backend.transform.mixer": [],
    "hp.num_channels.task_backend.mlp": [
      16,
      512,
      256,
      40
    ],
    "hp.groups.g_a.pointwise": [
      1
    ],
    "hp.groups.task_backend.transform.pointwise": []
  },
  "results": {
    "bit_loss": [
      10.000177703375176,
      12.434437091771748,
      15.706162613446741,
      23.239876584836686,
      35.00143104318282,
      48.44130351902794,
      59.862195180339604,
      77.17055293845205,
      78.06700136750403
    ],
    "acc_top1": [
      48.86547811993518,
      54.29497568881687,
      61.385737439222034,
      71.35332252836308,
      76.13452188006484,
      79.29497568881686,
      80.42949756888169,
      81.645056726094,
      81.64505672609403
    ],
    "run_hash": [
      "168a5b1d93b24866ab789153",
      "6f16aac7b0984ef3af11a2ea",
      "79565e0b235f475880f49f75",
      "10c33e139a9d440f8b4cf5d0",
      "ca818321cdbe4d4f910e3a3d",
      "3693641e3910415f8fd63aeb",
      "3b70a435880142c7aa1300cb",
      "e85581624a1742b39b89f0e1",
      "5ff4f092e0d045b792ff27ad"
    ],
    "criterion.lmbda.cls": [
      10,
      14,
      20,
      40,
      80,
      160,
      320,
      4000,
      16000
    ],
    "epoch": [
      102,
      31,
      35,
      73,
      73,
      74,
      54,
      49,
      63
    ],
    "loss": [
      26.245766440318903,
      32.78007138838066,
      41.09596627110214,
      60.49030550024691,
      96.29029086961545,
      155.5181620642664,
      267.04838643622736,
      2552.7385950320354,
      9897.619890061538
    ]
  }
}