{
  "name": "Ulhaq2023 PointNet [micro, P=128]",
  "description": "",
  "meta": {
    "model.name": "um-pcc-cls-only-pointnet-mmsp2023",
    "dataset.train.meta.name": "ModelNet40",
    "hp.num_classes": 40,
    "hp.num_points": 128,
    "hp.num_channels.g_a": [
      3,
      16
    ],
    "hp.num_channels.g_a.mixer": [],
    "hp.num_channels.task_backend.transform": [
      16
    ],
    "hp.num_channels.task_backend.transform.mixer": [],
    "hp.num_channels.task_backend.mlp": [
      16,
      512,
      256,
      40
    ],
    "hp.groups.g_a": [
      1
    ],
    "hp.groups.task_backend.transform": []
  },
  "results": {
    "bit_loss": [
      8.983356502106359,
      11.944272937805573,
      15.26653513916114,
      19.829769372553635,
      24.44437357749506,
      34.027363565404755,
      47.88651874733899,
      58.91914252060161,
      78.23456801007984
    ],
    "acc_top1": [
      45.38087520259319,
      55.34846029173423,
      60.37277147487844,
      64.66774716369528,
      68.67909238249594,
      74.10858995137762,
      76.78282009724472,
      77.99837925445703,
      80.10534846029175
    ],
    "run_hash": [
      "ec824f990a9446958e43f8cd",
      "e057df1c52ef464a90ab7c99",
      "4c34b0f1c0244557b4574306",
      "94d95834ccf244cfb61fb00d",
      "b18831e3b53c437f97dd3492",
      "a23527c3144646208b0b7770",
      "251654027fb24ae99741532e",
      "8267edd8ef2542ef86538b7b",
      "9e77386d9f0c48928d044d0d"
    ],
    "criterion.lmbda.cls": [
      10,
      14,
      20,
      28,
      40,
      80,
      160,
      320,
      16000
    ],
    "epoch": [
      87,
      84,
      100,
      68,
      52,
      76,
      76,
      52,
      52
    ],
    "loss": [
      26.230635792934724,
      32.14041830152514,
      40.74538689958026,
      51.50851756981552,
      64.35214812094812,
      100.55843611706406,
      163.78207580467486,
      283.0720738638163,
      10578.011756340535
    ]
  }
}