{
  "name": "Ulhaq2023 PointNet [micro, P=512]",
  "description": "",
  "meta": {
    "model.name": "um-pcc-cls-only-pointnet-mmsp2023",
    "dataset.train.meta.name": "ModelNet40",
    "hp.num_classes": 40,
    "hp.num_points": 512,
    "hp.num_channels.g_a": [
      3,
      16
    ],
    "hp.num_channels.g_a.mixer": [],
    "hp.num_channels.task_backend.transform": [
      16
    ],
    "hp.num_channels.task_backend.transform.mixer": [],
    "hp.num_channels.task_backend": [
      16,
      512,
      256,
      40
    ],
    "hp.groups.g_a": [
      1
    ],
    "hp.groups.task_backend.transform": []
  },
  "results": {
    "bit_loss": [
      10.226422617462507,
      13.142313726910517,
      16.301934016581683,
      19.643541836854514,
      24.109860990576834,
      35.452442669984386,
      60.180375499508955,
      72.45679440490626,
      77.23841034380698
    ],
    "acc_top1": [
      48.98703403565639,
      58.02269043760128,
      64.70826580226905,
      68.96272285251216,
      71.7585089141005,
      77.7552674230146,
      81.36142625607779,
      82.33387358184766,
      82.49594813614263
    ],
    "run_hash": [
      "a9e1e388877f4d95825feb93",
      "079e7d8900094d088489d86d",
      "bda3ac563423471cb0570fc6",
      "b7837952c57c455b89bbe4e3",
      "4a4708987bfd41fca5e3949c",
      "b9d2bb3e7e52452ba1431201",
      "737d443bf6074aafa84722c8",
      "74b988f56b3b4d40b258f013",
      "aea9676645474ebda9b1072f"
    ],
    "criterion.lmbda.cls": [
      10,
      14,
      20,
      28,
      40,
      80,
      320,
      1000,
      4000
    ],
    "epoch": [
      70,
      72,
      73,
      50,
      76,
      71,
      77,
      53,
      56
    ],
    "loss": [
      25.962293522864147,
      32.162932150174576,
      38.869680358293174,
      47.98298238200924,
      59.30323143561807,
      93.8789723796628,
      258.19402220492617,
      676.3041123648326,
      2446.789270336083
    ]
  }
}