{
  "name": "Ulhaq2023 PointNet [full, P=32]",
  "description": "",
  "meta": {
    "model.name": "um-pcc-cls-only-pointnet",
    "dataset.train.meta.name": "ModelNet40",
    "hp.num_classes": 40,
    "hp.num_points": 32,
    "hp.num_channels.g_a": [
      3,
      64,
      64,
      64,
      128,
      1024
    ],
    "hp.num_channels.g_a.mixer": [],
    "hp.num_channels.task_backend": [
      1024,
      512,
      256,
      40
    ],
    "hp.groups.g_a": [
      1,
      1,
      1,
      1,
      1
    ]
  },
  "results": {
    "bit_loss": [
      4.396301012951127,
      7.027793956150691,
      11.067724258818542,
      14.135258693169538,
      26.74169742268913,
      46.446696888878826,
      57.90137395132302,
      71.35248889644879,
      140.9090528936402,
      328.1997364606811,
      799.468588063937
    ],
    "acc_top1": [
      24.79740680713129,
      35.534846029173416,
      48.21717990275528,
      54.497568881685595,
      63.573743922204216,
      73.257698541329,
      74.7163695299838,
      75.6482982171799,
      79.57860615883305,
      81.60453808752025,
      81.80713128038897
    ],
    "run_hash": [
      "061de2500ec74ea49ef8c7a4",
      "fc49c2f3739d4a3687601aa7",
      "cfaca3e6e6534063bb04d311",
      "802d98d0d5134fd3bf279e8b",
      "43a12a0cac154a00b0f189b7",
      "3f75fbd31e9d4af5b18c58f9",
      "d0497e566c494ce8b8bcb129",
      "10bd97e313c040e4aab1cd2e",
      "e28eaeb12f124f06807939e1",
      "9200a80c7ba04bd28ff08718",
      "022b02a6776849f99002cda2"
    ],
    "criterion.lmbda.cls": [
      10,
      14,
      20,
      28,
      80,
      160,
      240,
      320,
      1000,
      4000,
      16000
    ],
    "epoch": [
      71,
      83,
      118,
      98,
      90,
      107,
      163,
      107,
      126,
      126,
      93
    ],
    "loss": [
      29.774737489474663,
      36.704046493604466,
      44.217249568895944,
      56.13897207992774,
      119.44917937886191,
      186.75278288657316,
      253.9796266231197,
      321.69720122648016,
      800.0835311123001,
      2798.306301914507,
      10394.33059093902
    ]
  }
}