{
  "name": "Ulhaq2023 PointNet [full, P=256]",
  "description": "",
  "meta": {
    "model.name": "um-pcc-cls-only-pointnet",
    "dataset.train.meta.name": "ModelNet40",
    "hp.num_classes": 40,
    "hp.num_points": 256,
    "hp.num_channels.g_a": [
      3,
      64,
      64,
      64,
      128,
      1024
    ],
    "hp.num_channels.g_a.mixer": [],
    "hp.num_channels.task_backend": [
      1024,
      512,
      256,
      40
    ],
    "hp.groups.g_a": [
      1,
      1,
      1,
      1,
      1
    ]
  },
  "results": {
    "bit_loss": [
      6.802454497864412,
      9.43867039950972,
      13.037346807445857,
      16.354162890095758,
      20.07901257556687,
      29.11729125729256,
      47.275200304374515,
      62.72578581032529,
      72.89324398442645,
      151.8189652750519,
      321.1899284474081,
      802.1808245147257
    ],
    "acc_top1": [
      49.51377633711507,
      58.06320907617503,
      65.72123176661263,
      70.8265802269044,
      74.79740680713125,
      78.68719611021069,
      81.60453808752027,
      83.58995137763372,
      84.64343598055105,
      86.62884927066453,
      86.91247974068071,
      87.56077795786064
    ],
    "run_hash": [
      "869b75ab502447d2a4e6328f",
      "7ca77a4118bc4b0dbbdf808b",
      "47e98511855544ff9ab7d287",
      "5a03010dae6c40539c358b7d",
      "1b6703d8a8a34fc6a6158a80",
      "30a88c14af6b430384ed6cae",
      "aae30c4111694c3a8566f102",
      "6477311717a943dab03ea102",
      "b386143c0be04a2da6f653b8",
      "3d6ef182f2c34ff6b166c4b1",
      "ddd26ee6fb484cff8e2ba0c7",
      "0f9f86cb097f4420a6aeaeeb"
    ],
    "criterion.lmbda.cls": [
      10,
      14,
      20,
      28,
      40,
      80,
      160,
      240,
      320,
      1000,
      4000,
      16000
    ],
    "epoch": [
      81,
      95,
      123,
      120,
      89,
      95,
      61,
      67,
      74,
      31,
      44,
      50
    ],
    "loss": [
      24.957934368757996,
      28.63602351678636,
      35.97637593224524,
      43.28892499778414,
      54.106846912946665,
      84.09839846519829,
      141.1524906993105,
      191.92771468943099,
      243.8613032954632,
      624.8652771095016,
      2130.8138386186947,
      8107.475625506485
    ]
  }
}